[
   {
      "name":"Bulbasaur",
      "img":"https:\/\/www.serebii.net\/pokemongo\/pokemon\/001.png",
      "id":1,
      "type":[
         "Grass",
         "Poison"
      ],
      "num":"001",
      "height":"0.71 m",
      "weight":"6.9 kg",
      "next_evolution":[
         {
            "name":"Ivysaur",
            "num":"002"
         },
         {
            "name":"Venusaur",
            "num":"003"
         }
      ],
      "weaknesses":[
         "Fire",
         "Ice",
         "Flying",
         "Psychic"
      ]
   },
   {
      "location":{
         "latitude":19.333058,
         "longitude":-99.185038
      },
      "name":"Ivysaur",
      "height":"0.99 m",
      "weaknesses":[
         "Fire",
         "Ice",
         "Flying",
         "Psychic"
      ],
      "prev_evolution":[
         {
            "name":"Bulbasaur",
            "num":"001"
         }
      ],
      "next_evolution":[
         {
            "name":"Venusaur",
            "num":"003"
         }
      ],
      "num":"002",
      "id":2,
      "type":[
         "Grass",
         "Poison"
      ],
      "img":"https:\/\/www.serebii.net\/pokemongo\/pokemon\/002.png",
      "weight":"13.0 kg"
   },
   {
      "type":[
         "Grass",
         "Poison"
      ],
      "img":"https:\/\/www.serebii.net\/pokemongo\/pokemon\/003.png",
      "weaknesses":[
         "Fire",
         "Ice",
         "Flying",
         "Psychic"
      ],
      "id":3,
      "height":"2.01 m",
      "weight":"100.0 kg",
      "prev_evolution":[
         {
            "name":"Bulbasaur",
            "num":"001"
         },
         {
            "num":"002",
            "name":"Ivysaur"
         }
      ],
      "num":"003",
      "name":"Venusaur"
   },
   {
      "weight":"8.5 kg",
      "weaknesses":[
         "Water",
         "Ground",
         "Rock"
      ],
      "img":"https:\/\/www.serebii.net\/pokemongo\/pokemon\/004.png",
      "name":"Charmander",
      "id":4,
      "num":"004",
      "type":[
         "Fire"
      ],
      "height":"0.61 m",
      "next_evolution":[
         {
            "num":"005",
            "name":"Charmeleon"
         },
         {
            "num":"006",
            "name":"Charizard"
         }
      ]
   },
   {
      "id":5,
      "weight":"19.0 kg",
      "name":"Charmeleon",
      "img":"https:\/\/www.serebii.net\/pokemongo\/pokemon\/005.png",
      "weaknesses":[
         "Water",
         "Ground",
         "Rock"
      ],
      "prev_evolution":[
         {
            "num":"004",
            "name":"Charmander"
         }
      ],
      "num":"005",
      "height":"1.09 m",
      "next_evolution":[
         {
            "num":"006",
            "name":"Charizard"
         }
      ],
      "type":[
         "Fire"
      ]
   },
   {
      "type":[
         "Fire",
         "Flying"
      ],
      "height":"1.70 m",
      "num":"006",
      "weight":"90.5 kg",
      "prev_evolution":[
         {
            "num":"004",
            "name":"Charmander"
         },
         {
            "name":"Charmeleon",
            "num":"005"
         }
      ],
      "img":"https:\/\/www.serebii.net\/pokemongo\/pokemon\/006.png",
      "weaknesses":[
         "Water",
         "Electric",
         "Rock"
      ],
      "id":6,
      "name":"Charizard"
   },
   {
      "weaknesses":[
         "Electric",
         "Grass"
      ],
      "id":7,
      "next_evolution":[
         {
            "name":"Wartortle",
            "num":"008"
         },
         {
            "name":"Blastoise",
            "num":"009"
         }
      ],
      "height":"0.51 m",
      "name":"Squirtle",
      "num":"007",
      "weight":"9.0 kg",
      "type":[
         "Water"
      ],
      "img":"https:\/\/www.serebii.net\/pokemongo\/pokemon\/007.png"
   },
   {
      "weight":"22.5 kg",
      "prev_evolution":[
         {
            "name":"Squirtle",
            "num":"007"
         }
      ],
      "num":"008",
      "img":"https:\/\/www.serebii.net\/pokemongo\/pokemon\/008.png",
      "height":"0.99 m",
      "id":8,
      "type":[
         "Water"
      ],
      "weaknesses":[
         "Electric",
         "Grass"
      ],
      "next_evolution":[
         {
            "name":"Blastoise",
            "num":"009"
         }
      ],
      "name":"Wartortle"
   },
   {
      "num":"009",
      "img":"https:\/\/www.serebii.net\/pokemongo\/pokemon\/009.png",
      "weight":"85.5 kg",
      "id":9,
      "prev_evolution":[
         {
            "name":"Squirtle",
            "num":"007"
         },
         {
            "name":"Wartortle",
            "num":"008"
         }
      ],
      "name":"Blastoise",
      "weaknesses":[
         "Electric",
         "Grass"
      ],
      "height":"1.60 m",
      "type":[
         "Water"
      ],
      "location":{
         "latitude":19.325971060727657,
         "longitude":-99.18270087777492
      }
   },
   {
      "id":10,
      "next_evolution":[
         {
            "num":"011",
            "name":"Metapod"
         },
         {
            "num":"012",
            "name":"Butterfree"
         }
      ],
      "location":{
         "longitude":-99.18739965315284,
         "latitude":19.32968981919575
      },
      "height":"0.30 m",
      "weaknesses":[
         "Fire",
         "Flying",
         "Rock"
      ],
      "img":"https:\/\/www.serebii.net\/pokemongo\/pokemon\/010.png",
      "weight":"2.9 kg",
      "name":"Caterpie",
      "num":"010",
      "type":[
         "Bug"
      ]
   },
   {
      "weaknesses":[
         "Fire",
         "Flying",
         "Rock"
      ],
      "type":[
         "Bug"
      ],
      "img":"https:\/\/www.serebii.net\/pokemongo\/pokemon\/011.png",
      "num":"011",
      "id":11,
      "prev_evolution":[
         {
            "num":"010",
            "name":"Caterpie"
         }
      ],
      "weight":"9.9 kg",
      "name":"Metapod",
      "next_evolution":[
         {
            "name":"Butterfree",
            "num":"012"
         }
      ],
      "height":"0.71 m"
   },
   {
      "height":"1.09 m",
      "location":{
         "latitude":19.32968981919575,
         "longitude":-99.18739965315284
      },
      "img":"https:\/\/www.serebii.net\/pokemongo\/pokemon\/012.png",
      "id":12,
      "prev_evolution":[
         {
            "num":"010",
            "name":"Caterpie"
         },
         {
            "num":"011",
            "name":"Metapod"
         }
      ],
      "weight":"32.0 kg",
      "num":"012",
      "type":[
         "Bug",
         "Flying"
      ],
      "name":"Butterfree",
      "weaknesses":[
         "Fire",
         "Electric",
         "Ice",
         "Flying",
         "Rock"
      ]
   },
   {
      "name":"Weedle",
      "weaknesses":[
         "Fire",
         "Flying",
         "Psychic",
         "Rock"
      ],
      "img":"https:\/\/www.serebii.net\/pokemongo\/pokemon\/013.png",
      "type":[
         "Bug",
         "Poison"
      ],
      "num":"013",
      "height":"0.30 m",
      "weight":"3.2 kg",
      "location":{
         "longitude":-99.19227982810597,
         "latitude":19.331475162555616
      },
      "id":13,
      "next_evolution":[
         {
            "name":"Kakuna",
            "num":"014"
         },
         {
            "num":"015",
            "name":"Beedrill"
         }
      ]
   },
   {
      "num":"014",
      "id":14,
      "next_evolution":[
         {
            "name":"Beedrill",
            "num":"015"
         }
      ],
      "location":{
         "longitude":-99.18739965315284,
         "latitude":19.32968981919575
      },
      "img":"https:\/\/www.serebii.net\/pokemongo\/pokemon\/014.png",
      "name":"Kakuna",
      "height":"0.61 m",
      "type":[
         "Bug",
         "Poison"
      ],
      "weight":"10.0 kg",
      "prev_evolution":[
         {
            "num":"013",
            "name":"Weedle"
         }
      ],
      "weaknesses":[
         "Fire",
         "Flying",
         "Psychic",
         "Rock"
      ]
   },
   {
      "id":15,
      "num":"015",
      "img":"https:\/\/www.serebii.net\/pokemongo\/pokemon\/015.png",
      "type":[
         "Bug",
         "Poison"
      ],
      "name":"Beedrill",
      "weaknesses":[
         "Fire",
         "Flying",
         "Psychic",
         "Rock"
      ],
      "weight":"29.5 kg",
      "prev_evolution":[
         {
            "num":"013",
            "name":"Weedle"
         },
         {
            "num":"014",
            "name":"Kakuna"
         }
      ],
      "height":"0.99 m"
   },
   {
      "height":"0.30 m",
      "id":16,
      "type":[
         "Normal",
         "Flying"
      ],
      "name":"Pidgey",
      "weight":"1.8 kg",
      "weaknesses":[
         "Electric",
         "Rock"
      ],
      "next_evolution":[
         {
            "num":"017",
            "name":"Pidgeotto"
         },
         {
            "name":"Pidgeot",
            "num":"018"
         }
      ],
      "img":"https:\/\/www.serebii.net\/pokemongo\/pokemon\/016.png",
      "num":"016"
   },
   {
      "name":"Pidgeotto",
      "next_evolution":[
         {
            "num":"018",
            "name":"Pidgeot"
         }
      ],
      "num":"017",
      "height":"1.09 m",
      "img":"https:\/\/www.serebii.net\/pokemongo\/pokemon\/017.png",
      "id":17,
      "weight":"30.0 kg",
      "weaknesses":[
         "Electric",
         "Rock"
      ],
      "type":[
         "Normal",
         "Flying"
      ],
      "prev_evolution":[
         {
            "name":"Pidgey",
            "num":"016"
         }
      ]
   },
   {
      "id":18,
      "name":"Pidgeot",
      "img":"https:\/\/www.serebii.net\/pokemongo\/pokemon\/018.png",
      "weaknesses":[
         "Electric",
         "Rock"
      ],
      "height":"1.50 m",
      "num":"018",
      "weight":"39.5 kg",
      "prev_evolution":[
         {
            "num":"016",
            "name":"Pidgey"
         },
         {
            "num":"017",
            "name":"Pidgeotto"
         }
      ],
      "type":[
         "Normal",
         "Flying"
      ]
   },
   {
      "type":[
         "Normal"
      ],
      "id":19,
      "img":"https:\/\/www.serebii.net\/pokemongo\/pokemon\/019.png",
      "name":"Rattata",
      "height":"0.30 m",
      "location":{
         "latitude":19.32968981919575,
         "longitude":-99.18739965315284
      },
      "num":"019",
      "next_evolution":[
         {
            "num":"020",
            "name":"Raticate"
         }
      ],
      "weaknesses":[
         "Fighting"
      ],
      "weight":"3.5 kg"
   },
   {
      "name":"Raticate",
      "num":"020",
      "prev_evolution":[
         {
            "num":"019",
            "name":"Rattata"
         }
      ],
      "weaknesses":[
         "Fighting"
      ],
      "weight":"18.5 kg",
      "height":"0.71 m",
      "img":"https:\/\/www.serebii.net\/pokemongo\/pokemon\/020.png",
      "id":20,
      "location":{
         "latitude":19.325084676798777,
         "longitude":-99.1903728058935
      },
      "type":[
         "Normal"
      ]
   },
   {
      "next_evolution":[
         {
            "name":"Fearow",
            "num":"022"
         }
      ],
      "img":"https:\/\/www.serebii.net\/pokemongo\/pokemon\/021.png",
      "height":"0.30 m",
      "num":"021",
      "type":[
         "Normal",
         "Flying"
      ],
      "weight":"2.0 kg",
      "name":"Spearow",
      "weaknesses":[
         "Electric",
         "Rock"
      ],
      "id":21
   },
   {
      "id":22,
      "img":"https:\/\/www.serebii.net\/pokemongo\/pokemon\/022.png",
      "weight":"38.0 kg",
      "location":{
         "longitude":-99.1903728058935,
         "latitude":19.325084676798777
      },
      "name":"Fearow",
      "num":"022",
      "height":"1.19 m",
      "type":[
         "Normal",
         "Flying"
      ],
      "weaknesses":[
         "Electric",
         "Rock"
      ],
      "prev_evolution":[
         {
            "name":"Spearow",
            "num":"021"
         }
      ]
   },
   {
      "name":"Ekans",
      "type":[
         "Poison"
      ],
      "next_evolution":[
         {
            "name":"Arbok",
            "num":"024"
         }
      ],
      "id":23,
      "weight":"6.9 kg",
      "height":"2.01 m",
      "num":"023",
      "weaknesses":[
         "Ground",
         "Psychic"
      ],
      "img":"https:\/\/www.serebii.net\/pokemongo\/pokemon\/023.png",
      "location":{
         "longitude":-99.1851911354087,
         "latitude":19.330268252033832
      }
   },
   {
      "weaknesses":[
         "Ground",
         "Psychic"
      ],
      "prev_evolution":[
         {
            "name":"Ekans",
            "num":"023"
         }
      ],
      "num":"024",
      "img":"https:\/\/www.serebii.net\/pokemongo\/pokemon\/024.png",
      "id":24,
      "location":{
         "latitude":19.325971060727657,
         "longitude":-99.18270087777492
      },
      "type":[
         "Poison"
      ],
      "name":"Arbok",
      "weight":"65.0 kg",
      "height":"3.51 m"
   },
   {
      "type":[
         "Electric"
      ],
      "id":25,
      "weight":"6.0 kg",
      "location":{
         "latitude":19.332141118970096,
         "longitude":-99.18819549706826
      },
      "name":"Pikachu",
      "img":"https:\/\/www.serebii.net\/pokemongo\/pokemon\/025.png",
      "height":"0.41 m",
      "num":"025",
      "next_evolution":[
         {
            "num":"026",
            "name":"Raichu"
         }
      ],
      "weaknesses":[
         "Ground"
      ]
   },
   {
      "type":[
         "Electric"
      ],
      "id":26,
      "height":"0.79 m",
      "weaknesses":[
         "Ground"
      ],
      "img":"https:\/\/www.serebii.net\/pokemongo\/pokemon\/026.png",
      "prev_evolution":[
         {
            "name":"Pikachu",
            "num":"025"
         }
      ],
      "location":{
         "latitude":19.331475162555616,
         "longitude":-99.19227982810597
      },
      "weight":"30.0 kg",
      "name":"Raichu",
      "num":"026"
   },
   {
      "id":27,
      "name":"Sandshrew",
      "next_evolution":[
         {
            "num":"028",
            "name":"Sandslash"
         }
      ],
      "num":"027",
      "img":"https:\/\/www.serebii.net\/pokemongo\/pokemon\/027.png",
      "weaknesses":[
         "Water",
         "Grass",
         "Ice"
      ],
      "type":[
         "Ground"
      ],
      "height":"0.61 m",
      "weight":"12.0 kg"
   },
   {
      "height":"0.99 m",
      "weight":"29.5 kg",
      "id":28,
      "name":"Sandslash",
      "prev_evolution":[
         {
            "name":"Sandshrew",
            "num":"027"
         }
      ],
      "img":"https:\/\/www.serebii.net\/pokemongo\/pokemon\/028.png",
      "num":"028",
      "weaknesses":[
         "Water",
         "Grass",
         "Ice"
      ],
      "type":[
         "Ground"
      ]
   },
   {
      "name":"Nidoran ♀ (Female)",
      "height":"0.41 m",
      "weight":"7.0 kg",
      "type":[
         "Poison"
      ],
      "next_evolution":[
         {
            "num":"030",
            "name":"Nidorina"
         },
         {
            "name":"Nidoqueen",
            "num":"031"
         }
      ],
      "weaknesses":[
         "Ground",
         "Psychic"
      ],
      "location":{
         "latitude":19.333005441331014,
         "longitude":-99.18017699422217
      },
      "num":"029",
      "img":"https:\/\/www.serebii.net\/pokemongo\/pokemon\/029.png",
      "id":29
   },
   {
      "next_evolution":[
         {
            "name":"Nidoqueen",
            "num":"031"
         }
      ],
      "height":"0.79 m",
      "prev_evolution":[
         {
            "name":"Nidoran(Female)",
            "num":"029"
         }
      ],
      "id":30,
      "name":"Nidorina",
      "type":[
         "Poison"
      ],
      "weaknesses":[
         "Ground",
         "Psychic"
      ],
      "num":"030",
      "weight":"20.0 kg",
      "img":"https:\/\/www.serebii.net\/pokemongo\/pokemon\/030.png"
   },
   {
      "height":"1.30 m",
      "type":[
         "Poison",
         "Ground"
      ],
      "num":"031",
      "weaknesses":[
         "Water",
         "Ice",
         "Ground",
         "Psychic"
      ],
      "id":31,
      "weight":"60.0 kg",
      "img":"https:\/\/www.serebii.net\/pokemongo\/pokemon\/031.png",
      "prev_evolution":[
         {
            "name":"Nidoran(Female)",
            "num":"029"
         },
         {
            "num":"030",
            "name":"Nidorina"
         }
      ],
      "name":"Nidoqueen"
   },
   {
      "type":[
         "Poison"
      ],
      "num":"032",
      "height":"0.51 m",
      "weaknesses":[
         "Ground",
         "Psychic"
      ],
      "id":32,
      "weight":"9.0 kg",
      "name":"Nidoran ♂ (Male)",
      "location":{
         "longitude":-99.18819549706826,
         "latitude":19.332141118970096
      },
      "next_evolution":[
         {
            "num":"033",
            "name":"Nidorino"
         },
         {
            "num":"034",
            "name":"Nidoking"
         }
      ],
      "img":"https:\/\/www.serebii.net\/pokemongo\/pokemon\/032.png"
   },
   {
      "img":"https:\/\/www.serebii.net\/pokemongo\/pokemon\/033.png",
      "weight":"19.5 kg",
      "next_evolution":[
         {
            "num":"034",
            "name":"Nidoking"
         }
      ],
      "id":33,
      "location":{
         "latitude":19.333005441331014,
         "longitude":-99.18017699422217
      },
      "height":"0.89 m",
      "type":[
         "Poison"
      ],
      "name":"Nidorino",
      "weaknesses":[
         "Ground",
         "Psychic"
      ],
      "prev_evolution":[
         {
            "num":"032",
            "name":"Nidoran(Male)"
         }
      ],
      "num":"033"
   },
   {
      "weight":"62.0 kg",
      "weaknesses":[
         "Water",
         "Ice",
         "Ground",
         "Psychic"
      ],
      "name":"Nidoking",
      "prev_evolution":[
         {
            "name":"Nidoran(Male)",
            "num":"032"
         },
         {
            "name":"Nidorino",
            "num":"033"
         }
      ],
      "img":"https:\/\/www.serebii.net\/pokemongo\/pokemon\/034.png",
      "type":[
         "Poison",
         "Ground"
      ],
      "id":34,
      "height":"1.40 m",
      "num":"034"
   },
   {
      "img":"https:\/\/www.serebii.net\/pokemongo\/pokemon\/035.png",
      "name":"Clefairy",
      "num":"035",
      "height":"0.61 m",
      "weight":"7.5 kg",
      "type":[
         "Normal"
      ],
      "next_evolution":[
         {
            "num":"036",
            "name":"Clefable"
         }
      ],
      "weaknesses":[
         "Fighting"
      ],
      "id":35
   },
   {
      "num":"036",
      "img":"https:\/\/www.serebii.net\/pokemongo\/pokemon\/036.png",
      "type":[
         "Normal"
      ],
      "name":"Clefable",
      "height":"1.30 m",
      "prev_evolution":[
         {
            "num":"035",
            "name":"Clefairy"
         }
      ],
      "id":36,
      "weight":"40.0 kg",
      "weaknesses":[
         "Fighting"
      ]
   },
   {
      "img":"https:\/\/www.serebii.net\/pokemongo\/pokemon\/037.png",
      "num":"037",
      "name":"Vulpix",
      "next_evolution":[
         {
            "num":"038",
            "name":"Ninetales"
         }
      ],
      "weight":"9.9 kg",
      "weaknesses":[
         "Water",
         "Ground",
         "Rock"
      ],
      "type":[
         "Fire"
      ],
      "id":37,
      "height":"0.61 m"
   },
   {
      "type":[
         "Fire"
      ],
      "prev_evolution":[
         {
            "num":"037",
            "name":"Vulpix"
         }
      ],
      "name":"Ninetales",
      "location":{
         "latitude":19.333005441331014,
         "longitude":-99.18017699422217
      },
      "img":"https:\/\/www.serebii.net\/pokemongo\/pokemon\/038.png",
      "weight":"19.9 kg",
      "height":"1.09 m",
      "weaknesses":[
         "Water",
         "Ground",
         "Rock"
      ],
      "id":38,
      "num":"038"
   },
   {
      "weight":"5.5 kg",
      "weaknesses":[
         "Fighting"
      ],
      "name":"Jigglypuff",
      "num":"039",
      "height":"0.51 m",
      "type":[
         "Normal"
      ],
      "next_evolution":[
         {
            "num":"040",
            "name":"Wigglytuff"
         }
      ],
      "id":39,
      "location":{
         "longitude":-99.18270087777492,
         "latitude":19.325971060727657
      },
      "img":"https:\/\/www.serebii.net\/pokemongo\/pokemon\/039.png"
   },
   {
      "height":"0.99 m",
      "prev_evolution":[
         {
            "num":"039",
            "name":"Jigglypuff"
         }
      ],
      "weight":"12.0 kg",
      "img":"https:\/\/www.serebii.net\/pokemongo\/pokemon\/040.png",
      "num":"040",
      "weaknesses":[
         "Fighting"
      ],
      "id":40,
      "name":"Wigglytuff",
      "type":[
         "Normal"
      ]
   },
   {
      "weight":"7.5 kg",
      "height":"0.79 m",
      "type":[
         "Poison",
         "Flying"
      ],
      "id":41,
      "next_evolution":[
         {
            "num":"042",
            "name":"Golbat"
         }
      ],
      "img":"https:\/\/www.serebii.net\/pokemongo\/pokemon\/041.png",
      "weaknesses":[
         "Electric",
         "Ice",
         "Psychic",
         "Rock"
      ],
      "num":"041",
      "name":"Zubat"
   },
   {
      "height":"1.60 m",
      "type":[
         "Poison",
         "Flying"
      ],
      "img":"https:\/\/www.serebii.net\/pokemongo\/pokemon\/042.png",
      "num":"042",
      "name":"Golbat",
      "weight":"55.0 kg",
      "prev_evolution":[
         {
            "name":"Zubat",
            "num":"041"
         }
      ],
      "id":42,
      "weaknesses":[
         "Electric",
         "Ice",
         "Psychic",
         "Rock"
      ]
   },
   {
      "img":"https:\/\/www.serebii.net\/pokemongo\/pokemon\/043.png",
      "num":"043",
      "height":"0.51 m",
      "name":"Oddish",
      "weight":"5.4 kg",
      "type":[
         "Grass",
         "Poison"
      ],
      "weaknesses":[
         "Fire",
         "Ice",
         "Flying",
         "Psychic"
      ],
      "location":{
         "longitude":-99.185038,
         "latitude":19.333058
      },
      "id":43,
      "next_evolution":[
         {
            "name":"Gloom",
            "num":"044"
         },
         {
            "num":"045",
            "name":"Vileplume"
         }
      ]
   },
   {
      "weaknesses":[
         "Fire",
         "Ice",
         "Flying",
         "Psychic"
      ],
      "next_evolution":[
         {
            "num":"045",
            "name":"Vileplume"
         }
      ],
      "height":"0.79 m",
      "weight":"8.6 kg",
      "num":"044",
      "img":"https:\/\/www.serebii.net\/pokemongo\/pokemon\/044.png",
      "id":44,
      "location":{
         "longitude":-99.19227982810597,
         "latitude":19.331475162555616
      },
      "type":[
         "Grass",
         "Poison"
      ],
      "name":"Gloom",
      "prev_evolution":[
         {
            "num":"043",
            "name":"Oddish"
         }
      ]
   },
   {
      "type":[
         "Grass",
         "Poison"
      ],
      "location":{
         "latitude":19.333058,
         "longitude":-99.185038
      },
      "id":45,
      "num":"045",
      "weaknesses":[
         "Fire",
         "Ice",
         "Flying",
         "Psychic"
      ],
      "height":"1.19 m",
      "img":"https:\/\/www.serebii.net\/pokemongo\/pokemon\/045.png",
      "weight":"18.6 kg",
      "name":"Vileplume",
      "prev_evolution":[
         {
            "name":"Oddish",
            "num":"043"
         },
         {
            "name":"Gloom",
            "num":"044"
         }
      ]
   },
   {
      "weaknesses":[
         "Fire",
         "Ice",
         "Poison",
         "Flying",
         "Bug",
         "Rock"
      ],
      "location":{
         "latitude":19.325971060727657,
         "longitude":-99.18270087777492
      },
      "type":[
         "Bug",
         "Grass"
      ],
      "height":"0.30 m",
      "num":"046",
      "next_evolution":[
         {
            "name":"Parasect",
            "num":"047"
         }
      ],
      "weight":"5.4 kg",
      "name":"Paras",
      "id":46,
      "img":"https:\/\/www.serebii.net\/pokemongo\/pokemon\/046.png"
   },
   {
      "id":47,
      "weight":"29.5 kg",
      "type":[
         "Bug",
         "Grass"
      ],
      "img":"https:\/\/www.serebii.net\/pokemongo\/pokemon\/047.png",
      "num":"047",
      "weaknesses":[
         "Fire",
         "Ice",
         "Poison",
         "Flying",
         "Bug",
         "Rock"
      ],
      "name":"Parasect",
      "height":"0.99 m",
      "prev_evolution":[
         {
            "num":"046",
            "name":"Paras"
         }
      ]
   },
   {
      "num":"048",
      "weaknesses":[
         "Fire",
         "Flying",
         "Psychic",
         "Rock"
      ],
      "location":{
         "latitude":19.333005441331014,
         "longitude":-99.18017699422217
      },
      "name":"Venonat",
      "img":"https:\/\/www.serebii.net\/pokemongo\/pokemon\/048.png",
      "height":"0.99 m",
      "weight":"30.0 kg",
      "id":48,
      "next_evolution":[
         {
            "name":"Venomoth",
            "num":"049"
         }
      ],
      "type":[
         "Bug",
         "Poison"
      ]
   },
   {
      "type":[
         "Bug",
         "Poison"
      ],
      "img":"https:\/\/www.serebii.net\/pokemongo\/pokemon\/049.png",
      "location":{
         "latitude":19.333058,
         "longitude":-99.185038
      },
      "num":"049",
      "prev_evolution":[
         {
            "name":"Venonat",
            "num":"048"
         }
      ],
      "weight":"12.5 kg",
      "weaknesses":[
         "Fire",
         "Flying",
         "Psychic",
         "Rock"
      ],
      "id":49,
      "name":"Venomoth",
      "height":"1.50 m"
   },
   {
      "next_evolution":[
         {
            "name":"Dugtrio",
            "num":"051"
         }
      ],
      "height":"0.20 m",
      "type":[
         "Ground"
      ],
      "img":"https:\/\/www.serebii.net\/pokemongo\/pokemon\/050.png",
      "id":50,
      "num":"050",
      "weight":"0.8 kg",
      "weaknesses":[
         "Water",
         "Grass",
         "Ice"
      ],
      "name":"Diglett"
   },
   {
      "height":"0.71 m",
      "weaknesses":[
         "Water",
         "Grass",
         "Ice"
      ],
      "location":{
         "longitude":-99.19227982810597,
         "latitude":19.331475162555616
      },
      "type":[
         "Ground"
      ],
      "prev_evolution":[
         {
            "num":"050",
            "name":"Diglett"
         }
      ],
      "name":"Dugtrio",
      "weight":"33.3 kg",
      "img":"https:\/\/www.serebii.net\/pokemongo\/pokemon\/051.png",
      "id":51,
      "num":"051"
   },
   {
      "weaknesses":[
         "Fighting"
      ],
      "next_evolution":[
         {
            "num":"053",
            "name":"Persian"
         }
      ],
      "weight":"4.2 kg",
      "id":52,
      "img":"https:\/\/www.serebii.net\/pokemongo\/pokemon\/052.png",
      "location":{
         "longitude":-99.19227982810597,
         "latitude":19.331475162555616
      },
      "type":[
         "Normal"
      ],
      "height":"0.41 m",
      "num":"052",
      "name":"Meowth"
   },
   {
      "id":53,
      "prev_evolution":[
         {
            "name":"Meowth",
            "num":"052"
         }
      ],
      "weaknesses":[
         "Fighting"
      ],
      "name":"Persian",
      "type":[
         "Normal"
      ],
      "img":"https:\/\/www.serebii.net\/pokemongo\/pokemon\/053.png",
      "num":"053",
      "height":"0.99 m",
      "weight":"32.0 kg"
   },
   {
      "weaknesses":[
         "Electric",
         "Grass"
      ],
      "name":"Psyduck",
      "height":"0.79 m",
      "next_evolution":[
         {
            "name":"Golduck",
            "num":"055"
         }
      ],
      "img":"https:\/\/www.serebii.net\/pokemongo\/pokemon\/054.png",
      "type":[
         "Water"
      ],
      "id":54,
      "weight":"19.6 kg",
      "num":"054"
   },
   {
      "num":"055",
      "id":55,
      "name":"Golduck",
      "weight":"76.6 kg",
      "type":[
         "Water"
      ],
      "img":"https:\/\/www.serebii.net\/pokemongo\/pokemon\/055.png",
      "height":"1.70 m",
      "weaknesses":[
         "Electric",
         "Grass"
      ],
      "prev_evolution":[
         {
            "name":"Psyduck",
            "num":"054"
         }
      ]
   },
   {
      "num":"056",
      "name":"Mankey",
      "img":"https:\/\/www.serebii.net\/pokemongo\/pokemon\/056.png",
      "id":56,
      "weight":"28.0 kg",
      "type":[
         "Fighting"
      ],
      "weaknesses":[
         "Flying",
         "Psychic",
         "Fairy"
      ],
      "next_evolution":[
         {
            "num":"057",
            "name":"Primeape"
         }
      ],
      "height":"0.51 m"
   },
   {
      "weaknesses":[
         "Flying",
         "Psychic",
         "Fairy"
      ],
      "location":{
         "longitude":-99.185038,
         "latitude":19.333058
      },
      "type":[
         "Fighting"
      ],
      "height":"0.99 m",
      "weight":"32.0 kg",
      "prev_evolution":[
         {
            "name":"Mankey",
            "num":"056"
         }
      ],
      "id":57,
      "name":"Primeape",
      "img":"https:\/\/www.serebii.net\/pokemongo\/pokemon\/057.png",
      "num":"057"
   },
   {
      "weight":"19.0 kg",
      "type":[
         "Fire"
      ],
      "num":"058",
      "next_evolution":[
         {
            "num":"059",
            "name":"Arcanine"
         }
      ],
      "img":"https:\/\/www.serebii.net\/pokemongo\/pokemon\/058.png",
      "weaknesses":[
         "Water",
         "Ground",
         "Rock"
      ],
      "id":58,
      "height":"0.71 m",
      "name":"Growlithe"
   },
   {
      "name":"Arcanine",
      "img":"https:\/\/www.serebii.net\/pokemongo\/pokemon\/059.png",
      "prev_evolution":[
         {
            "name":"Growlithe",
            "num":"058"
         }
      ],
      "type":[
         "Fire"
      ],
      "weaknesses":[
         "Water",
         "Ground",
         "Rock"
      ],
      "height":"1.91 m",
      "weight":"155.0 kg",
      "id":59,
      "num":"059"
   },
   {
      "next_evolution":[
         {
            "name":"Poliwhirl",
            "num":"061"
         },
         {
            "name":"Poliwrath",
            "num":"062"
         }
      ],
      "num":"060",
      "img":"https:\/\/www.serebii.net\/pokemongo\/pokemon\/060.png",
      "height":"0.61 m",
      "id":60,
      "location":{
         "latitude":19.32968981919575,
         "longitude":-99.18739965315284
      },
      "name":"Poliwag",
      "type":[
         "Water"
      ],
      "weight":"12.4 kg",
      "weaknesses":[
         "Electric",
         "Grass"
      ]
   },
   {
      "weight":"20.0 kg",
      "type":[
         "Water"
      ],
      "next_evolution":[
         {
            "name":"Poliwrath",
            "num":"062"
         }
      ],
      "id":61,
      "name":"Poliwhirl",
      "img":"https:\/\/www.serebii.net\/pokemongo\/pokemon\/061.png",
      "num":"061",
      "prev_evolution":[
         {
            "name":"Poliwag",
            "num":"060"
         }
      ],
      "weaknesses":[
         "Electric",
         "Grass"
      ],
      "height":"0.99 m"
   },
   {
      "img":"https:\/\/www.serebii.net\/pokemongo\/pokemon\/062.png",
      "num":"062",
      "name":"Poliwrath",
      "id":62,
      "height":"1.30 m",
      "weaknesses":[
         "Electric",
         "Grass",
         "Flying",
         "Psychic",
         "Fairy"
      ],
      "type":[
         "Water",
         "Fighting"
      ],
      "weight":"54.0 kg",
      "prev_evolution":[
         {
            "name":"Poliwag",
            "num":"060"
         },
         {
            "name":"Poliwhirl",
            "num":"061"
         }
      ]
   },
   {
      "type":[
         "Psychic"
      ],
      "id":63,
      "num":"063",
      "height":"0.89 m",
      "name":"Abra",
      "next_evolution":[
         {
            "name":"Kadabra",
            "num":"064"
         },
         {
            "name":"Alakazam",
            "num":"065"
         }
      ],
      "img":"https:\/\/www.serebii.net\/pokemongo\/pokemon\/063.png",
      "weight":"19.5 kg",
      "location":{
         "latitude":19.333005441331014,
         "longitude":-99.18017699422217
      },
      "weaknesses":[
         "Bug",
         "Ghost",
         "Dark"
      ]
   },
   {
      "weaknesses":[
         "Bug",
         "Ghost",
         "Dark"
      ],
      "next_evolution":[
         {
            "num":"065",
            "name":"Alakazam"
         }
      ],
      "img":"https:\/\/www.serebii.net\/pokemongo\/pokemon\/064.png",
      "name":"Kadabra",
      "id":64,
      "type":[
         "Psychic"
      ],
      "height":"1.30 m",
      "weight":"56.5 kg",
      "prev_evolution":[
         {
            "name":"Abra",
            "num":"063"
         }
      ],
      "location":{
         "longitude":-99.18270087777492,
         "latitude":19.325971060727657
      },
      "num":"064"
   },
   {
      "num":"065",
      "weight":"48.0 kg",
      "prev_evolution":[
         {
            "num":"063",
            "name":"Abra"
         },
         {
            "num":"064",
            "name":"Kadabra"
         }
      ],
      "img":"https:\/\/www.serebii.net\/pokemongo\/pokemon\/065.png",
      "id":65,
      "type":[
         "Psychic"
      ],
      "name":"Alakazam",
      "weaknesses":[
         "Bug",
         "Ghost",
         "Dark"
      ],
      "height":"1.50 m"
   },
   {
      "weaknesses":[
         "Flying",
         "Psychic",
         "Fairy"
      ],
      "num":"066",
      "id":66,
      "height":"0.79 m",
      "next_evolution":[
         {
            "num":"067",
            "name":"Machoke"
         },
         {
            "name":"Machamp",
            "num":"068"
         }
      ],
      "type":[
         "Fighting"
      ],
      "name":"Machop",
      "img":"https:\/\/www.serebii.net\/pokemongo\/pokemon\/066.png",
      "weight":"19.5 kg"
   },
   {
      "num":"067",
      "type":[
         "Fighting"
      ],
      "id":67,
      "prev_evolution":[
         {
            "num":"066",
            "name":"Machop"
         }
      ],
      "img":"https:\/\/www.serebii.net\/pokemongo\/pokemon\/067.png",
      "weight":"70.5 kg",
      "weaknesses":[
         "Flying",
         "Psychic",
         "Fairy"
      ],
      "next_evolution":[
         {
            "num":"068",
            "name":"Machamp"
         }
      ],
      "name":"Machoke",
      "height":"1.50 m"
   },
   {
      "prev_evolution":[
         {
            "num":"066",
            "name":"Machop"
         },
         {
            "num":"067",
            "name":"Machoke"
         }
      ],
      "id":68,
      "name":"Machamp",
      "num":"068",
      "height":"1.60 m",
      "weight":"130.0 kg",
      "img":"https:\/\/www.serebii.net\/pokemongo\/pokemon\/068.png",
      "type":[
         "Fighting"
      ],
      "weaknesses":[
         "Flying",
         "Psychic",
         "Fairy"
      ]
   },
   {
      "name":"Bellsprout",
      "id":69,
      "weaknesses":[
         "Fire",
         "Ice",
         "Flying",
         "Psychic"
      ],
      "height":"0.71 m",
      "next_evolution":[
         {
            "num":"070",
            "name":"Weepinbell"
         },
         {
            "num":"071",
            "name":"Victreebel"
         }
      ],
      "type":[
         "Grass",
         "Poison"
      ],
      "img":"https:\/\/www.serebii.net\/pokemongo\/pokemon\/069.png",
      "num":"069",
      "weight":"4.0 kg"
   },
   {
      "num":"070",
      "prev_evolution":[
         {
            "num":"069",
            "name":"Bellsprout"
         }
      ],
      "weight":"6.4 kg",
      "type":[
         "Grass",
         "Poison"
      ],
      "id":70,
      "height":"0.99 m",
      "next_evolution":[
         {
            "num":"071",
            "name":"Victreebel"
         }
      ],
      "name":"Weepinbell",
      "weaknesses":[
         "Fire",
         "Ice",
         "Flying",
         "Psychic"
      ],
      "location":{
         "longitude":-99.18270087777492,
         "latitude":19.325971060727657
      },
      "img":"https:\/\/www.serebii.net\/pokemongo\/pokemon\/070.png"
   },
   {
      "height":"1.70 m",
      "weaknesses":[
         "Fire",
         "Ice",
         "Flying",
         "Psychic"
      ],
      "prev_evolution":[
         {
            "num":"069",
            "name":"Bellsprout"
         },
         {
            "num":"070",
            "name":"Weepinbell"
         }
      ],
      "type":[
         "Grass",
         "Poison"
      ],
      "img":"https:\/\/www.serebii.net\/pokemongo\/pokemon\/071.png",
      "num":"071",
      "name":"Victreebel",
      "id":71,
      "weight":"15.5 kg"
   },
   {
      "height":"0.89 m",
      "img":"https:\/\/www.serebii.net\/pokemongo\/pokemon\/072.png",
      "type":[
         "Water",
         "Poison"
      ],
      "num":"072",
      "name":"Tentacool",
      "weaknesses":[
         "Electric",
         "Ground",
         "Psychic"
      ],
      "weight":"45.5 kg",
      "id":72,
      "next_evolution":[
         {
            "name":"Tentacruel",
            "num":"073"
         }
      ]
   },
   {
      "id":73,
      "height":"1.60 m",
      "img":"https:\/\/www.serebii.net\/pokemongo\/pokemon\/073.png",
      "prev_evolution":[
         {
            "name":"Tentacool",
            "num":"072"
         }
      ],
      "type":[
         "Water",
         "Poison"
      ],
      "weaknesses":[
         "Electric",
         "Ground",
         "Psychic"
      ],
      "weight":"55.0 kg",
      "name":"Tentacruel",
      "num":"073"
   },
   {
      "name":"Geodude",
      "num":"074",
      "weight":"20.0 kg",
      "type":[
         "Rock",
         "Ground"
      ],
      "img":"https:\/\/www.serebii.net\/pokemongo\/pokemon\/074.png",
      "height":"0.41 m",
      "weaknesses":[
         "Water",
         "Grass",
         "Ice",
         "Fighting",
         "Ground",
         "Steel"
      ],
      "next_evolution":[
         {
            "num":"075",
            "name":"Graveler"
         },
         {
            "num":"076",
            "name":"Golem"
         }
      ],
      "id":74
   },
   {
      "type":[
         "Rock",
         "Ground"
      ],
      "next_evolution":[
         {
            "num":"076",
            "name":"Golem"
         }
      ],
      "id":75,
      "num":"075",
      "weaknesses":[
         "Water",
         "Grass",
         "Ice",
         "Fighting",
         "Ground",
         "Steel"
      ],
      "weight":"105.0 kg",
      "prev_evolution":[
         {
            "name":"Geodude",
            "num":"074"
         }
      ],
      "name":"Graveler",
      "img":"https:\/\/www.serebii.net\/pokemongo\/pokemon\/075.png",
      "height":"0.99 m",
      "location":{
         "latitude":19.333005441331014,
         "longitude":-99.18017699422217
      }
   },
   {
      "weaknesses":[
         "Water",
         "Grass",
         "Ice",
         "Fighting",
         "Ground",
         "Steel"
      ],
      "prev_evolution":[
         {
            "num":"074",
            "name":"Geodude"
         },
         {
            "name":"Graveler",
            "num":"075"
         }
      ],
      "location":{
         "longitude":-99.18819549706826,
         "latitude":19.332141118970096
      },
      "id":76,
      "num":"076",
      "img":"https:\/\/www.serebii.net\/pokemongo\/pokemon\/076.png",
      "name":"Golem",
      "type":[
         "Rock",
         "Ground"
      ],
      "height":"1.40 m",
      "weight":"300.0 kg"
   },
   {
      "img":"https:\/\/www.serebii.net\/pokemongo\/pokemon\/077.png",
      "weight":"30.0 kg",
      "weaknesses":[
         "Water",
         "Ground",
         "Rock"
      ],
      "num":"077",
      "name":"Ponyta",
      "location":{
         "longitude":-99.18739965315284,
         "latitude":19.32968981919575
      },
      "next_evolution":[
         {
            "name":"Rapidash",
            "num":"078"
         }
      ],
      "type":[
         "Fire"
      ],
      "id":77,
      "height":"0.99 m"
   },
   {
      "num":"078",
      "id":78,
      "prev_evolution":[
         {
            "num":"077",
            "name":"Ponyta"
         }
      ],
      "type":[
         "Fire"
      ],
      "name":"Rapidash",
      "img":"https:\/\/www.serebii.net\/pokemongo\/pokemon\/078.png",
      "height":"1.70 m",
      "weaknesses":[
         "Water",
         "Ground",
         "Rock"
      ],
      "weight":"95.0 kg"
   },
   {
      "num":"079",
      "id":79,
      "next_evolution":[
         {
            "num":"080",
            "name":"Slowbro"
         }
      ],
      "weight":"36.0 kg",
      "weaknesses":[
         "Electric",
         "Grass",
         "Bug",
         "Ghost",
         "Dark"
      ],
      "type":[
         "Water",
         "Psychic"
      ],
      "img":"https:\/\/www.serebii.net\/pokemongo\/pokemon\/079.png",
      "height":"1.19 m",
      "name":"Slowpoke"
   },
   {
      "prev_evolution":[
         {
            "name":"Slowpoke",
            "num":"079"
         }
      ],
      "location":{
         "longitude":-99.18819549706826,
         "latitude":19.332141118970096
      },
      "num":"080",
      "id":80,
      "type":[
         "Water",
         "Psychic"
      ],
      "img":"https:\/\/www.serebii.net\/pokemongo\/pokemon\/080.png",
      "name":"Slowbro",
      "height":"1.60 m",
      "weight":"78.5 kg",
      "weaknesses":[
         "Electric",
         "Grass",
         "Bug",
         "Ghost",
         "Dark"
      ]
   },
   {
      "type":[
         "Electric"
      ],
      "height":"0.30 m",
      "img":"https:\/\/www.serebii.net\/pokemongo\/pokemon\/081.png",
      "id":81,
      "next_evolution":[
         {
            "num":"082",
            "name":"Magneton"
         }
      ],
      "name":"Magnemite",
      "num":"081",
      "weaknesses":[
         "Fire",
         "Water",
         "Ground"
      ],
      "weight":"6.0 kg"
   },
   {
      "weight":"60.0 kg",
      "img":"https:\/\/www.serebii.net\/pokemongo\/pokemon\/082.png",
      "num":"082",
      "type":[
         "Electric"
      ],
      "id":82,
      "name":"Magneton",
      "weaknesses":[
         "Fire",
         "Water",
         "Ground"
      ],
      "prev_evolution":[
         {
            "num":"081",
            "name":"Magnemite"
         }
      ],
      "height":"0.99 m"
   },
   {
      "id":83,
      "name":"Farfetch'd",
      "num":"083",
      "weight":"15.0 kg",
      "height":"0.79 m",
      "weaknesses":[
         "Electric",
         "Rock"
      ],
      "img":"https:\/\/www.serebii.net\/pokemongo\/pokemon\/083.png",
      "type":[
         "Normal",
         "Flying"
      ]
   },
   {
      "next_evolution":[
         {
            "num":"085",
            "name":"Dodrio"
         }
      ],
      "location":{
         "latitude":19.330268252033832,
         "longitude":-99.1851911354087
      },
      "weaknesses":[
         "Electric",
         "Rock"
      ],
      "height":"1.40 m",
      "type":[
         "Normal",
         "Flying"
      ],
      "img":"https:\/\/www.serebii.net\/pokemongo\/pokemon\/084.png",
      "weight":"39.2 kg",
      "id":84,
      "num":"084",
      "name":"Doduo"
   },
   {
      "type":[
         "Normal",
         "Flying"
      ],
      "name":"Dodrio",
      "num":"085",
      "location":{
         "latitude":19.330268252033832,
         "longitude":-99.1851911354087
      },
      "weaknesses":[
         "Electric",
         "Rock"
      ],
      "id":85,
      "weight":"85.2 kg",
      "prev_evolution":[
         {
            "num":"084",
            "name":"Doduo"
         }
      ],
      "img":"https:\/\/www.serebii.net\/pokemongo\/pokemon\/085.png",
      "height":"1.80 m"
   },
   {
      "type":[
         "Water"
      ],
      "img":"https:\/\/www.serebii.net\/pokemongo\/pokemon\/086.png",
      "num":"086",
      "weight":"90.0 kg",
      "id":86,
      "height":"1.09 m",
      "weaknesses":[
         "Electric",
         "Grass"
      ],
      "next_evolution":[
         {
            "num":"087",
            "name":"Dewgong"
         }
      ],
      "name":"Seel",
      "location":{
         "latitude":19.325084676798777,
         "longitude":-99.1903728058935
      }
   },
   {
      "weight":"120.0 kg",
      "img":"https:\/\/www.serebii.net\/pokemongo\/pokemon\/087.png",
      "id":87,
      "num":"087",
      "height":"1.70 m",
      "type":[
         "Water",
         "Ice"
      ],
      "name":"Dewgong",
      "weaknesses":[
         "Electric",
         "Grass",
         "Fighting",
         "Rock"
      ],
      "prev_evolution":[
         {
            "num":"086",
            "name":"Seel"
         }
      ]
   },
   {
      "id":88,
      "type":[
         "Poison"
      ],
      "name":"Grimer",
      "weight":"30.0 kg",
      "next_evolution":[
         {
            "num":"089",
            "name":"Muk"
         }
      ],
      "img":"https:\/\/www.serebii.net\/pokemongo\/pokemon\/088.png",
      "height":"0.89 m",
      "weaknesses":[
         "Ground",
         "Psychic"
      ],
      "num":"088"
   },
   {
      "name":"Muk",
      "id":89,
      "height":"1.19 m",
      "img":"https:\/\/www.serebii.net\/pokemongo\/pokemon\/089.png",
      "num":"089",
      "weaknesses":[
         "Ground",
         "Psychic"
      ],
      "prev_evolution":[
         {
            "name":"Grimer",
            "num":"088"
         }
      ],
      "type":[
         "Poison"
      ],
      "weight":"30.0 kg",
      "location":{
         "latitude":19.330268252033832,
         "longitude":-99.1851911354087
      }
   },
   {
      "type":[
         "Water"
      ],
      "next_evolution":[
         {
            "num":"091",
            "name":"Cloyster"
         }
      ],
      "name":"Shellder",
      "height":"0.30 m",
      "weaknesses":[
         "Electric",
         "Grass"
      ],
      "location":{
         "latitude":19.325084676798777,
         "longitude":-99.1903728058935
      },
      "img":"https:\/\/www.serebii.net\/pokemongo\/pokemon\/090.png",
      "id":90,
      "num":"090",
      "weight":"4.0 kg"
   },
   {
      "prev_evolution":[
         {
            "name":"Shellder",
            "num":"090"
         }
      ],
      "height":"1.50 m",
      "type":[
         "Water",
         "Ice"
      ],
      "num":"091",
      "name":"Cloyster",
      "id":91,
      "weaknesses":[
         "Electric",
         "Grass",
         "Fighting",
         "Rock"
      ],
      "img":"https:\/\/www.serebii.net\/pokemongo\/pokemon\/091.png",
      "weight":"132.5 kg"
   },
   {
      "name":"Gastly",
      "weaknesses":[
         "Ground",
         "Psychic",
         "Ghost",
         "Dark"
      ],
      "next_evolution":[
         {
            "name":"Haunter",
            "num":"093"
         },
         {
            "name":"Gengar",
            "num":"094"
         }
      ],
      "id":92,
      "height":"1.30 m",
      "weight":"0.1 kg",
      "img":"https:\/\/www.serebii.net\/pokemongo\/pokemon\/092.png",
      "num":"092",
      "type":[
         "Ghost",
         "Poison"
      ]
   },
   {
      "prev_evolution":[
         {
            "num":"092",
            "name":"Gastly"
         }
      ],
      "height":"1.60 m",
      "type":[
         "Ghost",
         "Poison"
      ],
      "weight":"0.1 kg",
      "img":"https:\/\/www.serebii.net\/pokemongo\/pokemon\/093.png",
      "id":93,
      "num":"093",
      "name":"Haunter",
      "weaknesses":[
         "Ground",
         "Psychic",
         "Ghost",
         "Dark"
      ],
      "next_evolution":[
         {
            "name":"Gengar",
            "num":"094"
         }
      ]
   },
   {
      "location":{
         "longitude":-99.18017699422217,
         "latitude":19.333005441331014
      },
      "img":"https:\/\/www.serebii.net\/pokemongo\/pokemon\/094.png",
      "height":"1.50 m",
      "weight":"40.5 kg",
      "id":94,
      "type":[
         "Ghost",
         "Poison"
      ],
      "prev_evolution":[
         {
            "name":"Gastly",
            "num":"092"
         },
         {
            "name":"Haunter",
            "num":"093"
         }
      ],
      "num":"094",
      "name":"Gengar",
      "weaknesses":[
         "Ground",
         "Psychic",
         "Ghost",
         "Dark"
      ]
   },
   {
      "weaknesses":[
         "Water",
         "Grass",
         "Ice",
         "Fighting",
         "Ground",
         "Steel"
      ],
      "id":95,
      "weight":"210.0 kg",
      "img":"https:\/\/www.serebii.net\/pokemongo\/pokemon\/095.png",
      "height":"8.79 m",
      "location":{
         "latitude":19.325084676798777,
         "longitude":-99.1903728058935
      },
      "num":"095",
      "type":[
         "Rock",
         "Ground"
      ],
      "name":"Onix"
   },
   {
      "id":96,
      "type":[
         "Psychic"
      ],
      "weaknesses":[
         "Bug",
         "Ghost",
         "Dark"
      ],
      "num":"096",
      "next_evolution":[
         {
            "name":"Hypno",
            "num":"097"
         }
      ],
      "weight":"32.4 kg",
      "name":"Drowzee",
      "img":"https:\/\/www.serebii.net\/pokemongo\/pokemon\/096.png",
      "height":"0.99 m"
   },
   {
      "prev_evolution":[
         {
            "name":"Drowzee",
            "num":"096"
         }
      ],
      "num":"097",
      "id":97,
      "type":[
         "Psychic"
      ],
      "name":"Hypno",
      "img":"https:\/\/www.serebii.net\/pokemongo\/pokemon\/097.png",
      "height":"1.60 m",
      "weight":"75.6 kg",
      "weaknesses":[
         "Bug",
         "Ghost",
         "Dark"
      ]
   },
   {
      "weaknesses":[
         "Electric",
         "Grass"
      ],
      "weight":"6.5 kg",
      "type":[
         "Water"
      ],
      "id":98,
      "next_evolution":[
         {
            "num":"099",
            "name":"Kingler"
         }
      ],
      "img":"https:\/\/www.serebii.net\/pokemongo\/pokemon\/098.png",
      "height":"0.41 m",
      "num":"098",
      "name":"Krabby"
   },
   {
      "id":99,
      "name":"Kingler",
      "type":[
         "Water"
      ],
      "weaknesses":[
         "Electric",
         "Grass"
      ],
      "prev_evolution":[
         {
            "num":"098",
            "name":"Krabby"
         }
      ],
      "img":"https:\/\/www.serebii.net\/pokemongo\/pokemon\/099.png",
      "num":"099",
      "height":"1.30 m",
      "weight":"60.0 kg",
      "location":{
         "longitude":-99.185038,
         "latitude":19.333058
      }
   },
   {
      "weight":"10.4 kg",
      "id":100,
      "next_evolution":[
         {
            "name":"Electrode",
            "num":"101"
         }
      ],
      "img":"https:\/\/www.serebii.net\/pokemongo\/pokemon\/100.png",
      "type":[
         "Electric"
      ],
      "height":"0.51 m",
      "num":"100",
      "name":"Voltorb",
      "weaknesses":[
         "Ground"
      ],
      "location":{
         "latitude":19.333005441331014,
         "longitude":-99.18017699422217
      }
   },
   {
      "id":101,
      "num":"101",
      "height":"1.19 m",
      "weaknesses":[
         "Ground"
      ],
      "type":[
         "Electric"
      ],
      "img":"https:\/\/www.serebii.net\/pokemongo\/pokemon\/101.png",
      "prev_evolution":[
         {
            "num":"100",
            "name":"Voltorb"
         }
      ],
      "weight":"66.6 kg",
      "name":"Electrode"
   },
   {
      "next_evolution":[
         {
            "num":"103",
            "name":"Exeggutor"
         }
      ],
      "height":"0.41 m",
      "img":"https:\/\/www.serebii.net\/pokemongo\/pokemon\/102.png",
      "id":102,
      "name":"Exeggcute",
      "weight":"2.5 kg",
      "num":"102",
      "type":[
         "Grass",
         "Psychic"
      ],
      "weaknesses":[
         "Fire",
         "Ice",
         "Poison",
         "Flying",
         "Bug",
         "Ghost",
         "Dark"
      ]
   },
   {
      "height":"2.01 m",
      "location":{
         "latitude":19.325084676798777,
         "longitude":-99.1903728058935
      },
      "id":103,
      "type":[
         "Grass",
         "Psychic"
      ],
      "name":"Exeggutor",
      "weaknesses":[
         "Fire",
         "Ice",
         "Poison",
         "Flying",
         "Bug",
         "Ghost",
         "Dark"
      ],
      "prev_evolution":[
         {
            "name":"Exeggcute",
            "num":"102"
         }
      ],
      "weight":"120.0 kg",
      "img":"https:\/\/www.serebii.net\/pokemongo\/pokemon\/103.png",
      "num":"103"
   },
   {
      "weight":"6.5 kg",
      "num":"104",
      "weaknesses":[
         "Water",
         "Grass",
         "Ice"
      ],
      "img":"https:\/\/www.serebii.net\/pokemongo\/pokemon\/104.png",
      "name":"Cubone",
      "id":104,
      "next_evolution":[
         {
            "name":"Marowak",
            "num":"105"
         }
      ],
      "height":"0.41 m",
      "type":[
         "Ground"
      ]
   },
   {
      "type":[
         "Ground"
      ],
      "height":"0.99 m",
      "name":"Marowak",
      "id":105,
      "num":"105",
      "img":"https:\/\/www.serebii.net\/pokemongo\/pokemon\/105.png",
      "weight":"45.0 kg",
      "prev_evolution":[
         {
            "num":"104",
            "name":"Cubone"
         }
      ],
      "weaknesses":[
         "Water",
         "Grass",
         "Ice"
      ]
   },
   {
      "name":"Hitmonlee",
      "num":"106",
      "id":106,
      "weaknesses":[
         "Flying",
         "Psychic",
         "Fairy"
      ],
      "height":"1.50 m",
      "weight":"49.8 kg",
      "type":[
         "Fighting"
      ],
      "img":"https:\/\/www.serebii.net\/pokemongo\/pokemon\/106.png"
   },
   {
      "id":107,
      "type":[
         "Fighting"
      ],
      "weaknesses":[
         "Flying",
         "Psychic",
         "Fairy"
      ],
      "num":"107",
      "height":"1.40 m",
      "weight":"50.2 kg",
      "img":"https:\/\/www.serebii.net\/pokemongo\/pokemon\/107.png",
      "name":"Hitmonchan"
   },
   {
      "height":"1.19 m",
      "id":108,
      "weaknesses":[
         "Fighting"
      ],
      "name":"Lickitung",
      "weight":"65.5 kg",
      "img":"https:\/\/www.serebii.net\/pokemongo\/pokemon\/108.png",
      "type":[
         "Normal"
      ],
      "num":"108"
   },
   {
      "type":[
         "Poison"
      ],
      "num":"109",
      "name":"Koffing",
      "weight":"1.0 kg",
      "weaknesses":[
         "Ground",
         "Psychic"
      ],
      "next_evolution":[
         {
            "num":"110",
            "name":"Weezing"
         }
      ],
      "id":109,
      "img":"https:\/\/www.serebii.net\/pokemongo\/pokemon\/109.png",
      "height":"0.61 m"
   },
   {
      "num":"110",
      "weaknesses":[
         "Ground",
         "Psychic"
      ],
      "weight":"9.5 kg",
      "img":"https:\/\/www.serebii.net\/pokemongo\/pokemon\/110.png",
      "name":"Weezing",
      "height":"1.19 m",
      "type":[
         "Poison"
      ],
      "location":{
         "latitude":19.331475162555616,
         "longitude":-99.19227982810597
      },
      "id":110,
      "prev_evolution":[
         {
            "num":"109",
            "name":"Koffing"
         }
      ]
   },
   {
      "id":111,
      "img":"https:\/\/www.serebii.net\/pokemongo\/pokemon\/111.png",
      "type":[
         "Ground",
         "Rock"
      ],
      "weight":"115.0 kg",
      "name":"Rhyhorn",
      "num":"111",
      "height":"0.99 m",
      "weaknesses":[
         "Water",
         "Grass",
         "Ice",
         "Fighting",
         "Ground",
         "Steel"
      ],
      "next_evolution":[
         {
            "num":"112",
            "name":"Rhydon"
         }
      ],
      "location":{
         "latitude":19.333058,
         "longitude":-99.185038
      }
   },
   {
      "id":112,
      "img":"https:\/\/www.serebii.net\/pokemongo\/pokemon\/112.png",
      "type":[
         "Ground",
         "Rock"
      ],
      "name":"Rhydon",
      "height":"1.91 m",
      "num":"112",
      "weight":"120.0 kg",
      "weaknesses":[
         "Water",
         "Grass",
         "Ice",
         "Fighting",
         "Ground",
         "Steel"
      ],
      "prev_evolution":[
         {
            "name":"Rhyhorn",
            "num":"111"
         }
      ]
   },
   {
      "weaknesses":[
         "Fighting"
      ],
      "type":[
         "Normal"
      ],
      "id":113,
      "num":"113",
      "location":{
         "latitude":19.332141118970096,
         "longitude":-99.18819549706826
      },
      "weight":"34.6 kg",
      "img":"https:\/\/www.serebii.net\/pokemongo\/pokemon\/113.png",
      "name":"Chansey",
      "height":"1.09 m"
   },
   {
      "num":"114",
      "img":"https:\/\/www.serebii.net\/pokemongo\/pokemon\/114.png",
      "weight":"35.0 kg",
      "type":[
         "Grass"
      ],
      "location":{
         "longitude":-99.19227982810597,
         "latitude":19.331475162555616
      },
      "id":114,
      "weaknesses":[
         "Fire",
         "Ice",
         "Poison",
         "Flying",
         "Bug"
      ],
      "name":"Tangela",
      "height":"0.99 m"
   },
   {
      "weight":"80.0 kg",
      "type":[
         "Normal"
      ],
      "img":"https:\/\/www.serebii.net\/pokemongo\/pokemon\/115.png",
      "height":"2.21 m",
      "num":"115",
      "id":115,
      "name":"Kangaskhan",
      "weaknesses":[
         "Fighting"
      ],
      "location":{
         "latitude":19.330268252033832,
         "longitude":-99.1851911354087
      }
   },
   {
      "name":"Horsea",
      "num":"116",
      "next_evolution":[
         {
            "name":"Seadra",
            "num":"117"
         }
      ],
      "id":116,
      "height":"0.41 m",
      "img":"https:\/\/www.serebii.net\/pokemongo\/pokemon\/116.png",
      "location":{
         "latitude":19.325971060727657,
         "longitude":-99.18270087777492
      },
      "type":[
         "Water"
      ],
      "weight":"8.0 kg",
      "weaknesses":[
         "Electric",
         "Grass"
      ]
   },
   {
      "weight":"25.0 kg",
      "id":117,
      "num":"117",
      "type":[
         "Water"
      ],
      "height":"1.19 m",
      "prev_evolution":[
         {
            "num":"116",
            "name":"Horsea"
         }
      ],
      "weaknesses":[
         "Electric",
         "Grass"
      ],
      "img":"https:\/\/www.serebii.net\/pokemongo\/pokemon\/117.png",
      "name":"Seadra"
   },
   {
      "id":118,
      "img":"https:\/\/www.serebii.net\/pokemongo\/pokemon\/118.png",
      "name":"Goldeen",
      "type":[
         "Water"
      ],
      "weight":"15.0 kg",
      "num":"118",
      "height":"0.61 m",
      "weaknesses":[
         "Electric",
         "Grass"
      ],
      "next_evolution":[
         {
            "name":"Seaking",
            "num":"119"
         }
      ]
   },
   {
      "type":[
         "Water"
      ],
      "img":"https:\/\/www.serebii.net\/pokemongo\/pokemon\/119.png",
      "name":"Seaking",
      "weight":"39.0 kg",
      "location":{
         "longitude":-99.1851911354087,
         "latitude":19.330268252033832
      },
      "prev_evolution":[
         {
            "num":"118",
            "name":"Goldeen"
         }
      ],
      "num":"119",
      "height":"1.30 m",
      "id":119,
      "weaknesses":[
         "Electric",
         "Grass"
      ]
   },
   {
      "name":"Staryu",
      "id":120,
      "num":"120",
      "weaknesses":[
         "Electric",
         "Grass"
      ],
      "location":{
         "latitude":19.331475162555616,
         "longitude":-99.19227982810597
      },
      "height":"0.79 m",
      "weight":"34.5 kg",
      "next_evolution":[
         {
            "num":"121",
            "name":"Starmie"
         }
      ],
      "type":[
         "Water"
      ],
      "img":"https:\/\/www.serebii.net\/pokemongo\/pokemon\/120.png"
   },
   {
      "img":"https:\/\/www.serebii.net\/pokemongo\/pokemon\/121.png",
      "prev_evolution":[
         {
            "name":"Staryu",
            "num":"120"
         }
      ],
      "num":"121",
      "name":"Starmie",
      "id":121,
      "height":"1.09 m",
      "weight":"80.0 kg",
      "weaknesses":[
         "Electric",
         "Grass",
         "Bug",
         "Ghost",
         "Dark"
      ],
      "type":[
         "Water",
         "Psychic"
      ]
   },
   {
      "id":122,
      "weight":"54.5 kg",
      "name":"Mr. Mime",
      "type":[
         "Psychic"
      ],
      "weaknesses":[
         "Bug",
         "Ghost",
         "Dark"
      ],
      "height":"1.30 m",
      "num":"122",
      "img":"https:\/\/www.serebii.net\/pokemongo\/pokemon\/122.png"
   },
   {
      "type":[
         "Bug",
         "Flying"
      ],
      "id":123,
      "name":"Scyther",
      "height":"1.50 m",
      "weaknesses":[
         "Fire",
         "Electric",
         "Ice",
         "Flying",
         "Rock"
      ],
      "num":"123",
      "weight":"56.0 kg",
      "img":"https:\/\/www.serebii.net\/pokemongo\/pokemon\/123.png"
   },
   {
      "img":"https:\/\/www.serebii.net\/pokemongo\/pokemon\/124.png",
      "name":"Jynx",
      "location":{
         "longitude":-99.18739965315284,
         "latitude":19.32968981919575
      },
      "id":124,
      "height":"1.40 m",
      "weight":"40.6 kg",
      "type":[
         "Ice",
         "Psychic"
      ],
      "num":"124",
      "weaknesses":[
         "Fire",
         "Bug",
         "Rock",
         "Ghost",
         "Dark",
         "Steel"
      ]
   },
   {
      "id":125,
      "type":[
         "Electric"
      ],
      "img":"https:\/\/www.serebii.net\/pokemongo\/pokemon\/125.png",
      "name":"Electabuzz",
      "weight":"30.0 kg",
      "weaknesses":[
         "Ground"
      ],
      "num":"125",
      "height":"1.09 m"
   },
   {
      "weight":"44.5 kg",
      "name":"Magmar",
      "type":[
         "Fire"
      ],
      "num":"126",
      "height":"1.30 m",
      "id":126,
      "weaknesses":[
         "Water",
         "Ground",
         "Rock"
      ],
      "img":"https:\/\/www.serebii.net\/pokemongo\/pokemon\/126.png"
   },
   {
      "num":"127",
      "weaknesses":[
         "Fire",
         "Flying",
         "Rock"
      ],
      "weight":"55.0 kg",
      "height":"1.50 m",
      "type":[
         "Bug"
      ],
      "img":"https:\/\/www.serebii.net\/pokemongo\/pokemon\/127.png",
      "location":{
         "latitude":19.330268252033832,
         "longitude":-99.1851911354087
      },
      "name":"Pinsir",
      "id":127
   },
   {
      "type":[
         "Normal"
      ],
      "name":"Tauros",
      "weaknesses":[
         "Fighting"
      ],
      "img":"https:\/\/www.serebii.net\/pokemongo\/pokemon\/128.png",
      "num":"128",
      "weight":"88.4 kg",
      "height":"1.40 m",
      "location":{
         "latitude":19.330268252033832,
         "longitude":-99.1851911354087
      },
      "id":128
   },
   {
      "id":129,
      "location":{
         "longitude":-99.185038,
         "latitude":19.333058
      },
      "img":"https:\/\/www.serebii.net\/pokemongo\/pokemon\/129.png",
      "height":"0.89 m",
      "next_evolution":[
         {
            "num":"130",
            "name":"Gyarados"
         }
      ],
      "weight":"10.0 kg",
      "type":[
         "Water"
      ],
      "num":"129",
      "name":"Magikarp",
      "weaknesses":[
         "Electric",
         "Grass"
      ]
   },
   {
      "height":"6.50 m",
      "weight":"235.0 kg",
      "id":130,
      "weaknesses":[
         "Electric",
         "Rock"
      ],
      "type":[
         "Water",
         "Flying"
      ],
      "img":"https:\/\/www.serebii.net\/pokemongo\/pokemon\/130.png",
      "num":"130",
      "name":"Gyarados",
      "prev_evolution":[
         {
            "num":"129",
            "name":"Magikarp"
         }
      ]
   },
   {
      "name":"Lapras",
      "img":"https:\/\/www.serebii.net\/pokemongo\/pokemon\/131.png",
      "height":"2.49 m",
      "weight":"220.0 kg",
      "weaknesses":[
         "Electric",
         "Grass",
         "Fighting",
         "Rock"
      ],
      "id":131,
      "type":[
         "Water",
         "Ice"
      ],
      "num":"131"
   },
   {
      "type":[
         "Normal"
      ],
      "id":132,
      "name":"Ditto",
      "height":"0.30 m",
      "weight":"4.0 kg",
      "weaknesses":[
         "Fighting"
      ],
      "num":"132",
      "img":"https:\/\/www.serebii.net\/pokemongo\/pokemon\/132.png",
      "location":{
         "longitude":-99.19227982810597,
         "latitude":19.331475162555616
      }
   },
   {
      "id":133,
      "weight":"6.5 kg",
      "type":[
         "Normal"
      ],
      "location":{
         "longitude":-99.19227982810597,
         "latitude":19.331475162555616
      },
      "height":"0.30 m",
      "weaknesses":[
         "Fighting"
      ],
      "num":"133",
      "img":"https:\/\/www.serebii.net\/pokemongo\/pokemon\/133.png",
      "next_evolution":[
         {
            "num":"134",
            "name":"Vaporeon"
         },
         {
            "num":"135",
            "name":"Jolteon"
         },
         {
            "name":"Flareon",
            "num":"136"
         }
      ],
      "name":"Eevee"
   },
   {
      "num":"134",
      "height":"0.99 m",
      "weaknesses":[
         "Electric",
         "Grass"
      ],
      "type":[
         "Water"
      ],
      "prev_evolution":[
         {
            "name":"Eevee",
            "num":"133"
         }
      ],
      "name":"Vaporeon",
      "id":134,
      "weight":"29.0 kg",
      "img":"https:\/\/www.serebii.net\/pokemongo\/pokemon\/134.png"
   },
   {
      "name":"Jolteon",
      "type":[
         "Electric"
      ],
      "id":135,
      "height":"0.79 m",
      "weaknesses":[
         "Ground"
      ],
      "num":"135",
      "weight":"24.5 kg",
      "img":"https:\/\/www.serebii.net\/pokemongo\/pokemon\/135.png",
      "prev_evolution":[
         {
            "num":"133",
            "name":"Eevee"
         }
      ]
   },
   {
      "type":[
         "Fire"
      ],
      "prev_evolution":[
         {
            "num":"133",
            "name":"Eevee"
         }
      ],
      "id":136,
      "num":"136",
      "height":"0.89 m",
      "name":"Flareon",
      "weaknesses":[
         "Water",
         "Ground",
         "Rock"
      ],
      "img":"https:\/\/www.serebii.net\/pokemongo\/pokemon\/136.png",
      "weight":"25.0 kg"
   },
   {
      "height":"0.79 m",
      "type":[
         "Normal"
      ],
      "weight":"36.5 kg",
      "img":"https:\/\/www.serebii.net\/pokemongo\/pokemon\/137.png",
      "id":137,
      "num":"137",
      "name":"Porygon",
      "weaknesses":[
         "Fighting"
      ]
   },
   {
      "num":"138",
      "id":138,
      "weaknesses":[
         "Electric",
         "Grass",
         "Fighting",
         "Ground"
      ],
      "location":{
         "latitude":19.325084676798777,
         "longitude":-99.1903728058935
      },
      "type":[
         "Rock",
         "Water"
      ],
      "next_evolution":[
         {
            "num":"139",
            "name":"Omastar"
         }
      ],
      "img":"https:\/\/www.serebii.net\/pokemongo\/pokemon\/138.png",
      "height":"0.41 m",
      "name":"Omanyte",
      "weight":"7.5 kg"
   },
   {
      "type":[
         "Rock",
         "Water"
      ],
      "num":"139",
      "name":"Omastar",
      "prev_evolution":[
         {
            "num":"138",
            "name":"Omanyte"
         }
      ],
      "weaknesses":[
         "Electric",
         "Grass",
         "Fighting",
         "Ground"
      ],
      "img":"https:\/\/www.serebii.net\/pokemongo\/pokemon\/139.png",
      "weight":"35.0 kg",
      "location":{
         "longitude":-99.18017699422217,
         "latitude":19.333005441331014
      },
      "height":"0.99 m",
      "id":139
   },
   {
      "name":"Kabuto",
      "weaknesses":[
         "Electric",
         "Grass",
         "Fighting",
         "Ground"
      ],
      "weight":"11.5 kg",
      "id":140,
      "num":"140",
      "location":{
         "latitude":19.331475162555616,
         "longitude":-99.19227982810597
      },
      "img":"https:\/\/www.serebii.net\/pokemongo\/pokemon\/140.png",
      "type":[
         "Rock",
         "Water"
      ],
      "next_evolution":[
         {
            "name":"Kabutops",
            "num":"141"
         }
      ],
      "height":"0.51 m"
   },
   {
      "num":"141",
      "img":"https:\/\/www.serebii.net\/pokemongo\/pokemon\/141.png",
      "height":"1.30 m",
      "name":"Kabutops",
      "weaknesses":[
         "Electric",
         "Grass",
         "Fighting",
         "Ground"
      ],
      "prev_evolution":[
         {
            "name":"Kabuto",
            "num":"140"
         }
      ],
      "type":[
         "Rock",
         "Water"
      ],
      "weight":"40.5 kg",
      "id":141
   },
   {
      "weight":"59.0 kg",
      "num":"142",
      "img":"https:\/\/www.serebii.net\/pokemongo\/pokemon\/142.png",
      "id":142,
      "weaknesses":[
         "Water",
         "Electric",
         "Ice",
         "Rock",
         "Steel"
      ],
      "height":"1.80 m",
      "type":[
         "Rock",
         "Flying"
      ],
      "name":"Aerodactyl"
   },
   {
      "img":"https:\/\/www.serebii.net\/pokemongo\/pokemon\/143.png",
      "height":"2.11 m",
      "num":"143",
      "id":143,
      "weight":"460.0 kg",
      "location":{
         "longitude":-99.18270087777492,
         "latitude":19.325971060727657
      },
      "type":[
         "Normal"
      ],
      "weaknesses":[
         "Fighting"
      ],
      "name":"Snorlax"
   },
   {
      "type":[
         "Ice",
         "Flying"
      ],
      "weight":"55.4 kg",
      "id":144,
      "num":"144",
      "img":"https:\/\/www.serebii.net\/pokemongo\/pokemon\/144.png",
      "weaknesses":[
         "Fire",
         "Electric",
         "Rock",
         "Steel"
      ],
      "height":"1.70 m",
      "name":"Articuno"
   },
   {
      "id":145,
      "name":"Zapdos",
      "height":"1.60 m",
      "weight":"52.6 kg",
      "num":"145",
      "weaknesses":[
         "Ice",
         "Rock"
      ],
      "type":[
         "Electric",
         "Flying"
      ],
      "img":"https:\/\/www.serebii.net\/pokemongo\/pokemon\/145.png"
   },
   {
      "type":[
         "Fire",
         "Flying"
      ],
      "id":146,
      "num":"146",
      "weaknesses":[
         "Water",
         "Electric",
         "Rock"
      ],
      "img":"https:\/\/www.serebii.net\/pokemongo\/pokemon\/146.png",
      "name":"Moltres",
      "weight":"60.0 kg",
      "height":"2.01 m"
   },
   {
      "height":"1.80 m",
      "img":"https:\/\/www.serebii.net\/pokemongo\/pokemon\/147.png",
      "type":[
         "Dragon"
      ],
      "next_evolution":[
         {
            "name":"Dragonair",
            "num":"148"
         },
         {
            "name":"Dragonite",
            "num":"149"
         }
      ],
      "id":147,
      "name":"Dratini",
      "weaknesses":[
         "Ice",
         "Dragon",
         "Fairy"
      ],
      "weight":"3.3 kg",
      "num":"147"
   },
   {
      "id":148,
      "height":"3.99 m",
      "name":"Dragonair",
      "weight":"16.5 kg",
      "weaknesses":[
         "Ice",
         "Dragon",
         "Fairy"
      ],
      "num":"148",
      "prev_evolution":[
         {
            "num":"147",
            "name":"Dratini"
         }
      ],
      "type":[
         "Dragon"
      ],
      "next_evolution":[
         {
            "name":"Dragonite",
            "num":"149"
         }
      ],
      "location":{
         "longitude":-99.19227982810597,
         "latitude":19.331475162555616
      },
      "img":"https:\/\/www.serebii.net\/pokemongo\/pokemon\/148.png"
   },
   {
      "type":[
         "Dragon",
         "Flying"
      ],
      "id":149,
      "height":"2.21 m",
      "num":"149",
      "weight":"210.0 kg",
      "img":"https:\/\/www.serebii.net\/pokemongo\/pokemon\/149.png",
      "name":"Dragonite",
      "weaknesses":[
         "Ice",
         "Rock",
         "Dragon",
         "Fairy"
      ],
      "prev_evolution":[
         {
            "num":"147",
            "name":"Dratini"
         },
         {
            "name":"Dragonair",
            "num":"148"
         }
      ]
   },
   {
      "num":"150",
      "name":"Mewtwo",
      "weight":"122.0 kg",
      "height":"2.01 m",
      "img":"https:\/\/www.serebii.net\/pokemongo\/pokemon\/150.png",
      "weaknesses":[
         "Bug",
         "Ghost",
         "Dark"
      ],
      "id":150,
      "type":[
         "Psychic"
      ],
      "location":{
         "longitude":-99.18270087777492,
         "latitude":19.325971060727657
      }
   },
   {
      "num":"151",
      "height":"0.41 m",
      "type":[
         "Psychic"
      ],
      "id":151,
      "weight":"4.0 kg",
      "weaknesses":[
         "Bug",
         "Ghost",
         "Dark"
      ],
      "img":"https:\/\/www.serebii.net\/pokemongo\/pokemon\/151.png",
      "name":"Mew"
   }
]
